delta_t,time_steps,timestamp,particle_position,user_goal,velocity,collision,key_pressed,success
0.01,0.0,0.006952047348022461,"[50.05000000000002, 49.950000000000024]","[50.05, 49.95]","[5.0, -5.0]",False,UP,True
0.01,0.01,0.06476998329162598,"[50.15000000000005, 49.850000000000044]","[50.15000000000002, 49.85000000000002]","[10.0, -10.0]",False,UP,True
0.01,0.02,0.1229548454284668,"[50.30000000000006, 49.70000000000007]","[50.30000000000005, 49.700000000000045]","[15.0, -15.0]",False,UP,True
0.01,0.03,0.1813490390777588,"[50.50000000000008, 49.500000000000085]","[50.500000000000064, 49.500000000000064]","[20.0, -20.0]",False,UP,True
0.01,0.04,0.2385709285736084,"[50.7500000000001, 49.25000000000011]","[50.75000000000008, 49.250000000000085]","[25.0, -25.0]",False,UP,True
0.01,0.05,0.29735398292541504,"[50.75000000000012, 49.25000000000013]","[50.7500000000001, 49.25000000000011]","[0.0, -0.0]",False,,True
0.01,0.060000000000000005,0.3561439514160156,"[50.75000000000014, 49.25000000000015]","[50.75000000000012, 49.25000000000013]","[0.0, -0.0]",False,,True
0.01,0.07,0.41440916061401367,"[50.750000000000156, 49.25000000000017]","[50.75000000000014, 49.25000000000015]","[0.0, -0.0]",False,,True
0.01,0.08,0.47309112548828125,"[50.75000000000018, 49.25000000000019]","[50.750000000000156, 49.25000000000017]","[0.0, -0.0]",False,,True
0.01,0.09,0.5308761596679688,"[50.75000000000019, 49.25000000000021]","[50.75000000000018, 49.25000000000019]","[0.0, -0.0]",False,,True
0.01,0.09999999999999999,0.5900981426239014,"[50.75000000000021, 49.250000000000234]","[50.75000000000019, 49.25000000000021]","[0.0, -0.0]",False,,True
0.01,0.10999999999999999,0.6486051082611084,"[50.750000000000234, 49.250000000000256]","[50.75000000000021, 49.250000000000234]","[0.0, -0.0]",False,,True
0.01,0.11999999999999998,0.7063920497894287,"[50.750000000000256, 49.25000000000028]","[50.750000000000234, 49.250000000000256]","[0.0, -0.0]",False,,True
0.01,0.12999999999999998,0.7630391120910645,"[50.75000000000028, 49.2500000000003]","[50.750000000000256, 49.25000000000028]","[0.0, -0.0]",False,,True
0.01,0.13999999999999999,0.821120023727417,"[50.75000000000029, 49.25000000000032]","[50.75000000000028, 49.2500000000003]","[0.0, -0.0]",False,,True
0.01,0.15,0.879601001739502,"[50.75000000000031, 49.25000000000034]","[50.75000000000029, 49.25000000000032]","[0.0, -0.0]",False,,True
0.01,0.16,0.9380059242248535,"[50.750000000000334, 49.25000000000036]","[50.75000000000031, 49.25000000000034]","[0.0, -0.0]",False,,True
0.01,0.17,0.9963710308074951,"[50.750000000000355, 49.25000000000039]","[50.750000000000334, 49.25000000000036]","[0.0, -0.0]",False,,True
0.01,0.18000000000000002,1.0551788806915283,"[50.75000000000038, 49.25000000000042]","[50.750000000000355, 49.25000000000039]","[0.0, -0.0]",False,,True
0.01,0.19000000000000003,1.1140799522399902,"[50.7500000000004, 49.25000000000044]","[50.75000000000038, 49.25000000000042]","[0.0, -0.0]",False,,True
0.01,0.20000000000000004,1.1708970069885254,"[50.75000000000042, 49.25000000000047]","[50.7500000000004, 49.25000000000044]","[0.0, -0.0]",False,,True
0.01,0.21000000000000005,1.2298181056976318,"[50.75000000000043, 49.25000000000049]","[50.75000000000042, 49.25000000000047]","[0.0, -0.0]",False,,True
0.01,0.22000000000000006,1.2886719703674316,"[50.750000000000455, 49.25000000000051]","[50.75000000000043, 49.25000000000049]","[0.0, -0.0]",False,,True
0.01,0.23000000000000007,1.347702980041504,"[50.75000000000047, 49.25000000000053]","[50.750000000000455, 49.25000000000051]","[0.0, -0.0]",False,,True
0.01,0.24000000000000007,1.4050440788269043,"[50.75000000000048, 49.25000000000056]","[50.75000000000047, 49.25000000000053]","[0.0, -0.0]",False,,True
0.01,0.25000000000000006,1.464097023010254,"[50.7500000000005, 49.25000000000059]","[50.75000000000048, 49.25000000000056]","[0.0, -0.0]",False,,True
0.01,0.26000000000000006,1.5227370262145996,"[50.75000000000051, 49.25000000000061]","[50.7500000000005, 49.25000000000059]","[0.0, -0.0]",False,,True
0.01,0.2700000000000001,1.582106113433838,"[50.75000000000053, 49.25000000000063]","[50.75000000000051, 49.25000000000061]","[0.0, -0.0]",False,,True
0.01,0.2800000000000001,1.6403639316558838,"[50.75000000000055, 49.250000000000654]","[50.75000000000053, 49.25000000000063]","[0.0, -0.0]",False,,True
0.01,0.2900000000000001,1.6998310089111328,"[50.75000000000056, 49.25000000000067]","[50.75000000000055, 49.250000000000654]","[0.0, -0.0]",False,,True
0.01,0.3000000000000001,1.758997917175293,"[50.75000000000058, 49.25000000000069]","[50.75000000000056, 49.25000000000067]","[0.0, -0.0]",False,,True
0.01,0.3100000000000001,1.8177220821380615,"[50.750000000000604, 49.25000000000071]","[50.75000000000058, 49.25000000000069]","[0.0, -0.0]",False,,True
0.01,0.3200000000000001,1.8765432834625244,"[50.75000000000062, 49.25000000000074]","[50.750000000000604, 49.25000000000071]","[0.0, -0.0]",False,,True
0.01,0.3300000000000001,1.9352209568023682,"[50.75000000000064, 49.25000000000076]","[50.75000000000062, 49.25000000000074]","[0.0, -0.0]",False,,True
0.01,0.34000000000000014,1.9935541152954102,"[50.75000000000066, 49.25000000000078]","[50.75000000000064, 49.25000000000076]","[0.0, -0.0]",False,,True
0.01,0.35000000000000014,2.0528411865234375,"[50.75000000000068, 49.2500000000008]","[50.75000000000066, 49.25000000000078]","[0.0, -0.0]",False,,True
0.01,0.36000000000000015,2.1102960109710693,"[50.7500000000007, 49.25000000000083]","[50.75000000000068, 49.2500000000008]","[0.0, -0.0]",False,,True
0.01,0.37000000000000016,2.168410062789917,"[50.750000000000725, 49.25000000000085]","[50.7500000000007, 49.25000000000083]","[0.0, -0.0]",False,,True
0.01,0.38000000000000017,2.2273850440979004,"[50.75000000000074, 49.250000000000874]","[50.750000000000725, 49.25000000000085]","[0.0, -0.0]",False,,True
0.01,0.3900000000000002,2.286452054977417,"[50.75000000000075, 49.250000000000895]","[50.75000000000074, 49.250000000000874]","[0.0, -0.0]",False,,True
0.01,0.4000000000000002,2.344466209411621,"[50.750000000000774, 49.25000000000092]","[50.75000000000075, 49.250000000000895]","[0.0, -0.0]",False,,True
0.01,0.4100000000000002,2.402879238128662,"[50.75000000000079, 49.25000000000094]","[50.750000000000774, 49.25000000000092]","[0.0, -0.0]",False,,True
0.01,0.4200000000000002,2.461984872817993,"[50.80000000000081, 49.30000000000096]","[50.800000000000786, 49.300000000000935]","[5.0, 5.0]",False,DOWN,True
0.01,0.4300000000000002,2.520171880722046,"[50.90000000000082, 49.400000000000986]","[50.90000000000081, 49.400000000000965]","[10.0, 10.0]",False,DOWN,True
0.01,0.4400000000000002,2.578195095062256,"[51.05000000000084, 49.550000000001006]","[51.05000000000082, 49.550000000000985]","[15.0, 15.0]",False,DOWN,True
0.01,0.45000000000000023,2.6367380619049072,"[51.25000000000087, 49.75000000000103]","[51.250000000000846, 49.75000000000101]","[20.0, 20.0]",False,DOWN,True
0.01,0.46000000000000024,2.695540189743042,"[51.50000000000088, 50.00000000000105]","[51.50000000000087, 50.00000000000103]","[25.0, 25.0]",False,DOWN,True
0.01,0.47000000000000025,2.7552361488342285,"[51.8000000000009, 50.30000000000107]","[51.80000000000088, 50.30000000000105]","[30.0, 30.0]",False,DOWN,True
0.01,0.48000000000000026,2.8131601810455322,"[52.15000000000092, 50.650000000001086]","[52.1500000000009, 50.65000000000107]","[35.0, 35.0]",False,DOWN,True
0.01,0.49000000000000027,2.8717410564422607,"[52.55000000000094, 51.050000000001106]","[52.55000000000092, 51.050000000001084]","[40.0, 40.0]",False,DOWN,True
0.01,0.5000000000000002,2.9308581352233887,"[53.00000000000096, 51.50000000000113]","[53.000000000000945, 51.50000000000111]","[45.0, 45.0]",False,DOWN,True
0.01,0.5100000000000002,2.990571975708008,"[53.50000000000097, 52.00000000000115]","[53.50000000000096, 52.00000000000113]","[50.0, 50.0]",False,DOWN,True
0.01,0.5200000000000002,3.0527782440185547,"[54.000000000000995, 52.55000000000117]","[54.00000000000097, 52.55000000000115]","[50.0, 55.0]",False,DOWN,True
0.01,0.5300000000000002,3.111531972885132,"[54.50000000000101, 53.1500000000012]","[54.500000000000995, 53.15000000000117]","[50.0, 60.0]",False,DOWN,True
0.01,0.5400000000000003,3.1716551780700684,"[55.05000000000102, 53.800000000001226]","[55.050000000001006, 53.8000000000012]","[55.0, 65.0]",False,DOWN,True
0.01,0.5500000000000003,3.230239152908325,"[55.65000000000104, 54.50000000000125]","[55.65000000000102, 54.50000000000123]","[60.0, 70.0]",False,DOWN,True
0.01,0.5600000000000003,3.28865909576416,"[56.30000000000106, 55.25000000000127]","[56.30000000000104, 55.25000000000125]","[65.0, 75.0]",False,DOWN,True
0.01,0.5700000000000003,3.347348213195801,"[57.00000000000109, 56.0500000000013]","[57.000000000001066, 56.05000000000127]","[70.0, 80.0]",False,DOWN,True
0.01,0.5800000000000003,3.406996250152588,"[57.7500000000011, 56.90000000000132]","[57.75000000000109, 56.9000000000013]","[75.0, 85.0]",False,DOWN,True
0.01,0.5900000000000003,3.4663209915161133,"[58.55000000000112, 57.80000000000134]","[58.5500000000011, 57.80000000000132]","[80.0, 90.0]",False,DOWN,True
0.01,0.6000000000000003,3.524496078491211,"[59.400000000001135, 58.750000000001364]","[59.40000000000112, 58.75000000000134]","[85.0, 95.0]",False,DOWN,True
0.01,0.6100000000000003,3.5832951068878174,"[60.30000000000115, 59.750000000001386]","[60.300000000001134, 59.750000000001364]","[90.0, 100.0]",False,DOWN,True
0.01,0.6200000000000003,3.6427130699157715,"[61.25000000000117, 60.800000000001404]","[61.25000000000115, 60.80000000000138]","[95.0, 105.0]",False,DOWN,True
0.01,0.6300000000000003,3.7017629146575928,"[62.250000000001194, 61.90000000000143]","[62.25000000000117, 61.900000000001405]","[100.0, 110.0]",False,DOWN,True
0.01,0.6400000000000003,3.760969877243042,"[63.30000000000121, 63.05000000000145]","[63.30000000000119, 63.050000000001425]","[105.0, 115.0]",False,DOWN,True
0.01,0.6500000000000004,3.820004940032959,"[64.40000000000123, 64.25000000000148]","[64.40000000000121, 64.25000000000145]","[110.0, 120.0]",False,DOWN,True
0.01,0.6600000000000004,3.8792591094970703,"[65.55000000000126, 65.5000000000015]","[65.55000000000123, 65.50000000000148]","[115.0, 125.0]",False,DOWN,True
0.01,0.6700000000000004,3.9372189044952393,"[66.75000000000128, 66.80000000000153]","[66.75000000000126, 66.8000000000015]","[120.0, 130.0]",False,DOWN,True
0.01,0.6800000000000004,3.9981329441070557,"[68.0000000000013, 68.15000000000155]","[68.00000000000128, 68.15000000000153]","[125.0, 135.0]",False,DOWN,True
0.01,0.6900000000000004,4.056313991546631,"[69.30000000000132, 69.55000000000157]","[69.30000000000129, 69.55000000000156]","[130.0, 140.0]",False,DOWN,True
0.01,0.7000000000000004,4.114209890365601,"[70.65000000000133, 71.0000000000016]","[70.65000000000131, 71.00000000000158]","[135.0, 145.0]",False,DOWN,True
0.01,0.7100000000000004,4.173087120056152,"[72.05000000000135, 72.50000000000163]","[72.05000000000133, 72.5000000000016]","[140.0, 150.0]",False,DOWN,True
0.01,0.7200000000000004,4.234761953353882,"[73.50000000000136, 74.05000000000165]","[73.50000000000135, 74.05000000000163]","[145.0, 155.0]",False,DOWN,True
0.01,0.7300000000000004,4.29175591468811,"[75.00000000000138, 75.65000000000167]","[75.00000000000136, 75.65000000000164]","[150.0, 160.0]",False,DOWN,True
0.01,0.7400000000000004,4.35126805305481,"[76.55000000000139, 77.30000000000169]","[76.55000000000138, 77.30000000000167]","[155.0, 165.0]",False,DOWN,True
0.01,0.7500000000000004,4.411947965621948,"[78.1500000000014, 79.00000000000172]","[78.15000000000138, 79.00000000000169]","[160.0, 170.0]",False,DOWN,True
0.01,0.7600000000000005,4.470983028411865,"[79.80000000000142, 80.75000000000173]","[79.8000000000014, 80.75000000000172]","[165.0, 175.0]",False,DOWN,True
0.01,0.7700000000000005,4.529091119766235,"[81.50000000000144, 82.55000000000175]","[81.50000000000142, 82.55000000000173]","[170.0, 180.0]",False,DOWN,True
0.01,0.7800000000000005,4.588129997253418,"[83.25000000000145, 84.40000000000175]","[83.25000000000144, 84.40000000000174]","[175.0, 185.0]",False,DOWN,True
0.01,0.7900000000000005,4.648107051849365,"[85.05000000000146, 86.30000000000179]","[85.05000000000145, 86.30000000000176]","[180.0, 190.0]",False,DOWN,True
0.01,0.8000000000000005,4.705593109130859,"[86.90000000000147, 88.2500000000018]","[86.90000000000146, 88.25000000000179]","[185.0, 195.0]",False,DOWN,True
0.01,0.8100000000000005,4.768953084945679,"[88.80000000000149, 90.25000000000182]","[88.80000000000148, 90.2500000000018]","[190.0, 200.0]",False,DOWN,True
0.01,0.8200000000000005,4.827656030654907,"[90.7500000000015, 92.30000000000183]","[90.75000000000149, 92.30000000000182]","[195.0, 205.0]",False,DOWN,True
0.01,0.8300000000000005,4.886494159698486,"[92.75000000000152, 94.40000000000184]","[92.7500000000015, 94.40000000000182]","[200.0, 210.0]",False,DOWN,True
0.01,0.8400000000000005,4.945677042007446,"[94.80000000000153, 96.55000000000186]","[94.80000000000152, 96.55000000000184]","[205.0, 215.0]",False,DOWN,True
0.01,0.8500000000000005,5.003708124160767,"[96.90000000000154, 98.75000000000188]","[96.90000000000153, 98.75000000000186]","[210.0, 220.0]",False,DOWN,True
0.01,0.8600000000000005,5.063004016876221,"[99.05000000000156, 101.00000000000189]","[99.05000000000155, 101.00000000000188]","[215.0, 225.0]",False,DOWN,True
0.01,0.8700000000000006,5.1215150356292725,"[101.25000000000158, 103.3000000000019]","[101.25000000000156, 103.30000000000189]","[220.0, 230.0]",False,DOWN,True
0.01,0.8800000000000006,5.1804420948028564,"[103.50000000000159, 105.65000000000191]","[103.50000000000158, 105.6500000000019]","[225.0, 235.0]",False,DOWN,True
0.01,0.8900000000000006,5.241886138916016,"[105.8000000000016, 108.05000000000193]","[105.80000000000159, 108.05000000000192]","[230.0, 240.0]",False,DOWN,True
0.01,0.9000000000000006,5.300666093826294,"[108.10000000000163, 110.50000000000196]","[108.1000000000016, 110.50000000000193]","[230.0, 245.0]",False,DOWN,True
0.01,0.9100000000000006,5.357663869857788,"[110.40000000000164, 113.00000000000198]","[110.40000000000163, 113.00000000000196]","[230.0, 250.0]",False,DOWN,True
0.01,0.9200000000000006,5.416878938674927,"[112.70000000000165, 115.55000000000199]","[112.70000000000164, 115.55000000000197]","[230.0, 255.0]",False,DOWN,True
0.01,0.9300000000000006,5.4756340980529785,"[115.00000000000166, 118.150000000002]","[115.00000000000165, 118.15000000000198]","[230.0, 260.0]",False,DOWN,True
0.01,0.9400000000000006,5.534840106964111,"[117.30000000000167, 120.80000000000202]","[117.30000000000166, 120.800000000002]","[230.0, 265.0]",False,DOWN,True
0.01,0.9500000000000006,5.594003200531006,"[119.60000000000169, 123.50000000000203]","[119.60000000000167, 123.50000000000202]","[230.0, 270.0]",False,DOWN,True
0.01,0.9600000000000006,5.6525559425354,"[121.9000000000017, 126.25000000000205]","[121.90000000000168, 126.25000000000203]","[230.0, 275.0]",False,DOWN,True
0.01,0.9700000000000006,5.711661100387573,"[124.20000000000171, 129.0500000000021]","[124.2000000000017, 129.05000000000206]","[230.0, 280.0]",False,DOWN,True
0.01,0.9800000000000006,5.770658016204834,"[126.50000000000172, 131.90000000000208]","[126.5000000000017, 131.90000000000208]","[230.0, 285.0]",False,DOWN,True
0.01,0.9900000000000007,5.829493999481201,"[128.80000000000157, 134.80000000000211]","[128.80000000000172, 134.8000000000021]","[230.0, 290.0]",False,DOWN,True
0.01,1.0000000000000007,5.88857889175415,"[131.09896957010827, 137.75011816333028]","[131.1000000000016, 137.7500000000021]","[230.0, 295.0]",False,DOWN,True
0.01,1.0100000000000007,5.947535037994385,"[133.37203712409357, 140.7545037346021]","[133.39896957010828, 140.75011816333028]","[230.0, 300.0]",False,DOWN,True
0.01,1.0200000000000007,6.007210969924927,"[135.65847277342908, 143.80742266079437]","[135.67203712409358, 143.80450373460212]","[230.0, 305.0]",False,DOWN,True
0.01,1.0300000000000007,6.065873146057129,"[137.95847277342915, 146.9074226607944]","[137.9584727734291, 146.90742266079437]","[230.0, 310.0]",False,DOWN,True
0.01,1.0400000000000007,6.124608993530273,"[140.2584727734292, 150.05742266079443]","[140.25847277342916, 150.0574226607944]","[230.0, 315.0]",False,DOWN,True
0.01,1.0500000000000007,6.183622121810913,"[142.55847277342923, 153.25742266079445]","[142.5584727734292, 153.25742266079442]","[230.0, 320.0]",False,DOWN,True
0.01,1.0600000000000007,6.242990970611572,"[144.85847277342927, 156.50742266079448]","[144.85847277342924, 156.50742266079445]","[230.0, 325.0]",False,DOWN,True
0.01,1.0700000000000007,6.301897048950195,"[147.1584727734293, 159.80742266079451]","[147.15847277342928, 159.8074226607945]","[230.0, 330.0]",False,DOWN,True
0.01,1.0800000000000007,6.360542058944702,"[149.45847277342935, 163.15742266079454]","[149.45847277342932, 163.1574226607945]","[230.0, 335.0]",False,DOWN,True
0.01,1.0900000000000007,6.4203760623931885,"[151.7584727734294, 166.55742266079457]","[151.75847277342936, 166.55742266079454]","[230.0, 340.0]",False,DOWN,True
0.01,1.1000000000000008,6.480230093002319,"[154.05847277342943, 170.0074226607946]","[154.0584727734294, 170.00742266079456]","[230.0, 345.0]",False,DOWN,True
0.01,1.1100000000000008,6.538872003555298,"[156.35847277342947, 173.50742266079462]","[156.35847277342944, 173.5074226607946]","[230.0, 350.0]",False,DOWN,True
0.01,1.1200000000000008,6.597117185592651,"[158.6584727734295, 177.05742266079463]","[158.65847277342948, 177.05742266079463]","[230.0, 355.0]",False,DOWN,True
0.01,1.1300000000000008,6.655641078948975,"[160.95847277342955, 180.65742266079462]","[160.95847277342952, 180.65742266079462]","[230.0, 360.0]",False,DOWN,True
0.01,1.1400000000000008,6.715099096298218,"[163.25847277342956, 184.30742266079463]","[163.25847277342956, 184.30742266079463]","[230.0, 365.0]",False,DOWN,True
0.01,1.1500000000000008,6.7712061405181885,"[165.5584727734296, 188.00742266079465]","[165.55847277342957, 188.00742266079462]","[230.0, 370.0]",False,DOWN,True
0.01,1.1600000000000008,6.828124046325684,"[167.85847277342964, 191.75742266079465]","[167.8584727734296, 191.75742266079465]","[230.0, 375.0]",False,DOWN,True
0.01,1.1700000000000008,6.885474920272827,"[170.15847277342965, 195.55742266079466]","[170.15847277342965, 195.55742266079466]","[230.0, 380.0]",False,DOWN,True
0.01,1.1800000000000008,6.943776845932007,"[172.38781122818864, 199.06296777347956]","[172.45847277342966, 199.40742266079465]","[230.0, 385.0]",False,DOWN,True
0.01,1.1900000000000008,7.001830101013184,"[172.38781122818864, 199.06296777347956]","[172.38781122818864, 199.06296777347956]","[0.0, 0.0]",False,,True
0.01,1.2000000000000008,7.064699172973633,"[172.43781122818868, 199.06296777347956]","[172.43781122818865, 199.06296777347956]","[5.0, 0.0]",False,RIGHT,True
0.01,1.2100000000000009,7.122783899307251,"[172.53781122818867, 199.06296777347956]","[172.53781122818867, 199.06296777347956]","[10.0, 0.0]",False,RIGHT,True
0.01,1.2200000000000009,7.180727005004883,"[172.68781122818868, 199.06296777347956]","[172.68781122818868, 199.06296777347956]","[15.0, 0.0]",False,RIGHT,True
0.01,1.2300000000000009,7.238941192626953,"[172.88781122818867, 199.06296777347956]","[172.88781122818867, 199.06296777347956]","[20.0, 0.0]",False,RIGHT,True
0.01,1.2400000000000009,7.29750394821167,"[173.13781122818867, 199.06296777347956]","[173.13781122818867, 199.06296777347956]","[25.0, 0.0]",False,RIGHT,True
0.01,1.2500000000000009,7.356201171875,"[173.43781122818868, 199.06296777347956]","[173.43781122818868, 199.06296777347956]","[30.0, 0.0]",False,RIGHT,True
0.01,1.260000000000001,7.414014101028442,"[173.78781122818867, 199.06296777347956]","[173.78781122818867, 199.06296777347956]","[35.0, 0.0]",False,RIGHT,True
0.01,1.270000000000001,7.472476005554199,"[174.18781122818868, 199.06296777347956]","[174.18781122818868, 199.06296777347956]","[40.0, 0.0]",False,RIGHT,True
0.01,1.280000000000001,7.531495094299316,"[174.63781122818867, 199.06296777347956]","[174.63781122818867, 199.06296777347956]","[45.0, 0.0]",False,RIGHT,True
0.01,1.290000000000001,7.590644121170044,"[175.13781122818867, 199.06296777347956]","[175.13781122818867, 199.06296777347956]","[50.0, 0.0]",False,RIGHT,True
0.01,1.300000000000001,7.650175094604492,"[175.68781122818868, 199.06296777347956]","[175.68781122818868, 199.06296777347956]","[55.0, 0.0]",False,RIGHT,True
0.01,1.310000000000001,7.7090699672698975,"[176.28781122818867, 199.06296777347956]","[176.28781122818867, 199.06296777347956]","[60.0, 0.0]",False,RIGHT,True
0.01,1.320000000000001,7.7661590576171875,"[176.93781122818868, 199.06296777347956]","[176.93781122818868, 199.06296777347956]","[65.0, 0.0]",False,RIGHT,True
0.01,1.330000000000001,7.825221061706543,"[177.63781122818867, 199.06296777347956]","[177.63781122818867, 199.06296777347956]","[70.0, 0.0]",False,RIGHT,True
0.01,1.340000000000001,7.884842157363892,"[178.38781122818867, 199.06296777347956]","[178.38781122818867, 199.06296777347956]","[75.0, 0.0]",False,RIGHT,True
0.01,1.350000000000001,7.943673133850098,"[179.18781122818868, 199.06296777347956]","[179.18781122818868, 199.06296777347956]","[80.0, 0.0]",False,RIGHT,True
0.01,1.360000000000001,8.007281064987183,"[180.03781122818867, 199.06296777347956]","[180.03781122818867, 199.06296777347956]","[85.0, 0.0]",False,RIGHT,True
0.01,1.370000000000001,8.066290140151978,"[180.93781122818868, 199.06296777347956]","[180.93781122818868, 199.06296777347956]","[90.0, 0.0]",False,RIGHT,True
0.01,1.380000000000001,8.125102043151855,"[181.88781122818867, 199.06296777347956]","[181.88781122818867, 199.06296777347956]","[95.0, 0.0]",False,RIGHT,True
0.01,1.390000000000001,8.18329906463623,"[182.88781122818867, 199.06296777347956]","[182.88781122818867, 199.06296777347956]","[100.0, 0.0]",False,RIGHT,True
0.01,1.400000000000001,8.241750001907349,"[183.93781122818868, 199.06296777347956]","[183.93781122818868, 199.06296777347956]","[105.0, 0.0]",False,RIGHT,True
0.01,1.410000000000001,8.304725885391235,"[185.03781122818867, 199.06296777347956]","[185.03781122818867, 199.06296777347956]","[110.0, 0.0]",False,RIGHT,True
0.01,1.420000000000001,8.363871097564697,"[186.18781122818868, 199.06296777347956]","[186.18781122818868, 199.06296777347956]","[115.0, 0.0]",False,RIGHT,True
0.01,1.430000000000001,8.424288034439087,"[187.38781122818867, 199.06296777347956]","[187.38781122818867, 199.06296777347956]","[120.0, 0.0]",False,RIGHT,True
0.01,1.440000000000001,8.482934951782227,"[188.63781122818867, 199.06296777347956]","[188.63781122818867, 199.06296777347956]","[125.0, 0.0]",False,RIGHT,True
0.01,1.450000000000001,8.542108058929443,"[189.93781122818868, 199.06296777347956]","[189.93781122818868, 199.06296777347956]","[130.0, 0.0]",False,RIGHT,True
0.01,1.460000000000001,8.600437879562378,"[191.28781122818867, 199.06296777347956]","[191.28781122818867, 199.06296777347956]","[135.0, 0.0]",False,RIGHT,True
0.01,1.470000000000001,8.658953189849854,"[192.68781122818868, 199.06296777347956]","[192.68781122818868, 199.06296777347956]","[140.0, 0.0]",False,RIGHT,True
0.01,1.480000000000001,8.722326040267944,"[194.13781122818867, 199.06296777347956]","[194.13781122818867, 199.06296777347956]","[145.0, 0.0]",False,RIGHT,True
0.01,1.490000000000001,8.780319929122925,"[195.63781122818867, 199.06296777347956]","[195.63781122818867, 199.06296777347956]","[150.0, 0.0]",False,RIGHT,True
0.01,1.500000000000001,8.838158130645752,"[197.18781122818868, 199.06296777347956]","[197.18781122818868, 199.06296777347956]","[155.0, 0.0]",False,RIGHT,True
0.01,1.5100000000000011,8.896715879440308,"[198.78781122818867, 199.06296777347956]","[198.78781122818867, 199.06296777347956]","[160.0, 0.0]",False,RIGHT,True
0.01,1.5200000000000011,8.957911014556885,"[200.43781122818868, 199.06296777347956]","[200.43781122818868, 199.06296777347956]","[165.0, 0.0]",False,RIGHT,True
0.01,1.5300000000000011,9.016500234603882,"[202.13781122818867, 199.06296777347956]","[202.13781122818867, 199.06296777347956]","[170.0, 0.0]",False,RIGHT,True
0.01,1.5400000000000011,9.080108880996704,"[203.88781122818867, 199.06296777347956]","[203.88781122818867, 199.06296777347956]","[175.0, 0.0]",False,RIGHT,True
0.01,1.5500000000000012,9.138788938522339,"[205.68781122818868, 199.06296777347956]","[205.68781122818868, 199.06296777347956]","[180.0, 0.0]",False,RIGHT,True
0.01,1.5600000000000012,9.196904182434082,"[207.53781122818867, 199.06296777347956]","[207.53781122818867, 199.06296777347956]","[185.0, 0.0]",False,RIGHT,True
0.01,1.5700000000000012,9.255552053451538,"[209.43781122818868, 199.06296777347956]","[209.43781122818868, 199.06296777347956]","[190.0, 0.0]",False,RIGHT,True
0.01,1.5800000000000012,9.31487512588501,"[211.38781122818867, 199.06296777347956]","[211.38781122818867, 199.06296777347956]","[195.0, 0.0]",False,RIGHT,True
0.01,1.5900000000000012,9.373940229415894,"[213.38781122818867, 199.06296777347956]","[213.38781122818867, 199.06296777347956]","[200.0, 0.0]",False,RIGHT,True
0.01,1.6000000000000012,9.431089162826538,"[215.43781122818868, 199.06296777347956]","[215.43781122818868, 199.06296777347956]","[205.0, 0.0]",False,RIGHT,True
0.01,1.6100000000000012,9.489898920059204,"[217.53781122818867, 199.06296777347956]","[217.53781122818867, 199.06296777347956]","[210.0, 0.0]",False,RIGHT,True
0.01,1.6200000000000012,9.548444032669067,"[219.68781122818868, 199.06296777347956]","[219.68781122818868, 199.06296777347956]","[215.0, 0.0]",False,RIGHT,True
0.01,1.6300000000000012,9.60704517364502,"[221.88781122818867, 199.06296777347956]","[221.88781122818867, 199.06296777347956]","[220.0, 0.0]",False,RIGHT,True
0.01,1.6400000000000012,9.665470123291016,"[224.13781122818867, 199.06296777347956]","[224.13781122818867, 199.06296777347956]","[225.0, 0.0]",False,RIGHT,True
0.01,1.6500000000000012,9.723443031311035,"[226.43781122818868, 199.06296777347956]","[226.43781122818868, 199.06296777347956]","[230.0, 0.0]",False,RIGHT,True
0.01,1.6600000000000013,9.780910968780518,"[228.78781122818867, 199.06296777347956]","[228.78781122818867, 199.06296777347956]","[235.0, 0.0]",False,RIGHT,True
0.01,1.6700000000000013,9.839932203292847,"[231.18781122818868, 199.06296777347956]","[231.18781122818868, 199.06296777347956]","[240.0, 0.0]",False,RIGHT,True
0.01,1.6800000000000013,9.899039268493652,"[233.63781122818867, 199.06296777347956]","[233.63781122818867, 199.06296777347956]","[245.0, 0.0]",False,RIGHT,True
0.01,1.6900000000000013,9.957828044891357,"[236.13781122818867, 199.06296777347956]","[236.13781122818867, 199.06296777347956]","[250.0, 0.0]",False,RIGHT,True
0.01,1.7000000000000013,10.017104148864746,"[238.68781122818868, 199.06296777347956]","[238.68781122818868, 199.06296777347956]","[255.0, 0.0]",False,RIGHT,True
0.01,1.7100000000000013,10.075931072235107,"[241.28781122818867, 199.06296777347956]","[241.28781122818867, 199.06296777347956]","[260.0, 0.0]",False,RIGHT,True
0.01,1.7200000000000013,10.13485312461853,"[243.93781122818868, 199.06296777347956]","[243.93781122818868, 199.06296777347956]","[265.0, 0.0]",False,RIGHT,True
0.01,1.7300000000000013,10.193095207214355,"[246.63781122818867, 199.06296777347956]","[246.63781122818867, 199.06296777347956]","[270.0, 0.0]",False,RIGHT,True
0.01,1.7400000000000013,10.251982927322388,"[249.38781122818867, 199.06296777347956]","[249.38781122818867, 199.06296777347956]","[275.0, 0.0]",False,RIGHT,True
0.01,1.7500000000000013,10.311316967010498,"[252.18781122818868, 199.06296777347956]","[252.18781122818868, 199.06296777347956]","[280.0, 0.0]",False,RIGHT,True
0.01,1.7600000000000013,10.367414951324463,"[255.03781122818867, 199.06296777347956]","[255.03781122818867, 199.06296777347956]","[285.0, 0.0]",False,RIGHT,True
0.01,1.7700000000000014,10.426772117614746,"[257.93781122818865, 199.06296777347956]","[257.93781122818865, 199.06296777347956]","[290.0, 0.0]",False,RIGHT,True
0.01,1.7800000000000014,10.486403942108154,"[260.88781122818864, 199.06296777347956]","[260.88781122818864, 199.06296777347956]","[295.0, 0.0]",False,RIGHT,True
0.01,1.7900000000000014,10.545974016189575,"[263.88781122818864, 199.11296777347957]","[263.88781122818864, 199.11296777347957]","[300.0, 5.0]",False,DOWN,True
0.01,1.8000000000000014,10.602857112884521,"[266.93781122818865, 199.21296777347956]","[266.93781122818865, 199.21296777347956]","[305.0, 10.0]",False,DOWN,True
0.01,1.8100000000000014,10.661712169647217,"[270.0378112281887, 199.36296777347957]","[270.0378112281887, 199.36296777347957]","[310.0, 15.0]",False,DOWN,True
0.01,1.8200000000000014,10.721099853515625,"[273.18781122818865, 199.56296777347956]","[273.18781122818865, 199.56296777347956]","[315.0, 20.0]",False,DOWN,True
0.01,1.8300000000000014,10.780124187469482,"[276.38781122818864, 199.81296777347956]","[276.38781122818864, 199.81296777347956]","[320.0, 25.0]",False,DOWN,True
0.01,1.8400000000000014,10.838603973388672,"[279.63781122818864, 200.11296777347957]","[279.63781122818864, 200.11296777347957]","[325.0, 30.0]",False,DOWN,True
0.01,1.8500000000000014,10.897151947021484,"[282.93781122818865, 200.46296777347956]","[282.93781122818865, 200.46296777347956]","[330.0, 35.0]",False,DOWN,True
0.01,1.8600000000000014,10.955796241760254,"[286.23781122818866, 200.86296777347957]","[286.23781122818866, 200.86296777347957]","[330.0, 40.0]",False,DOWN,True
0.01,1.8700000000000014,11.015481948852539,"[289.5378112281887, 201.31296777347956]","[289.5378112281887, 201.31296777347956]","[330.0, 45.0]",False,DOWN,True
0.01,1.8800000000000014,11.073114156723022,"[292.8378112281887, 201.81296777347956]","[292.8378112281887, 201.81296777347956]","[330.0, 50.0]",False,DOWN,True
0.01,1.8900000000000015,11.132485151290894,"[296.1378112281887, 202.36296777347957]","[296.1378112281887, 202.36296777347957]","[330.0, 55.0]",False,DOWN,True
0.01,1.9000000000000015,11.192105054855347,"[299.4378112281887, 202.96296777347956]","[299.4378112281887, 202.96296777347956]","[330.0, 60.0]",False,DOWN,True
0.01,1.9100000000000015,11.251614093780518,"[302.7378112281887, 203.61296777347957]","[302.7378112281887, 203.61296777347957]","[330.0, 65.0]",False,DOWN,True
0.01,1.9200000000000015,11.310322046279907,"[306.03781122818873, 204.31296777347956]","[306.03781122818873, 204.31296777347956]","[330.0, 70.0]",False,DOWN,True
0.01,1.9300000000000015,11.368859052658081,"[309.33781122818874, 205.06296777347956]","[309.33781122818874, 205.06296777347956]","[330.0, 75.0]",False,DOWN,True
0.01,1.9400000000000015,11.428117036819458,"[312.63781122818875, 205.86296777347957]","[312.63781122818875, 205.86296777347957]","[330.0, 80.0]",False,DOWN,True
0.01,1.9500000000000015,11.487308979034424,"[315.9878112281888, 206.71296777347956]","[315.9878112281888, 206.71296777347956]","[335.0, 85.0]",False,DOWN,True
0.01,1.9600000000000015,11.544350147247314,"[319.38781122818875, 207.61296777347957]","[319.38781122818875, 207.61296777347957]","[340.0, 90.0]",False,DOWN,True
0.01,1.9700000000000015,11.602833032608032,"[322.83781122818874, 208.56296777347956]","[322.83781122818874, 208.56296777347956]","[345.0, 95.0]",False,DOWN,True
0.01,1.9800000000000015,11.661790132522583,"[326.33781122818874, 209.56296777347956]","[326.33781122818874, 209.56296777347956]","[350.0, 100.0]",False,DOWN,True
0.01,1.9900000000000015,11.720792055130005,"[329.88781122818875, 210.61296777347957]","[329.88781122818875, 210.61296777347957]","[355.0, 105.0]",False,DOWN,True
0.01,2.0000000000000013,11.778584003448486,"[333.4878112281888, 211.71296777347956]","[333.4878112281888, 211.71296777347956]","[360.0, 110.0]",False,DOWN,True
0.01,2.010000000000001,11.837316036224365,"[337.13781122818875, 212.86296777347957]","[337.13781122818875, 212.86296777347957]","[365.0, 115.0]",False,DOWN,True
0.01,2.020000000000001,11.895848035812378,"[340.83781122818874, 214.06296777347956]","[340.83781122818874, 214.06296777347956]","[370.0, 120.0]",False,DOWN,True
0.01,2.0300000000000007,11.95579195022583,"[344.58781122818874, 215.31296777347956]","[344.58781122818874, 215.31296777347956]","[375.0, 125.0]",False,DOWN,True
0.01,2.0400000000000005,12.014681100845337,"[348.33781122818874, 216.61296777347957]","[348.33781122818874, 216.61296777347957]","[375.0, 130.0]",False,DOWN,True
0.01,2.0500000000000003,12.074018001556396,"[352.08781122818874, 217.96296777347956]","[352.08781122818874, 217.96296777347956]","[375.0, 135.0]",False,DOWN,True
0.01,2.06,12.133731126785278,"[355.78781122818873, 219.36296777347957]","[355.78781122818873, 219.36296777347957]","[370.0, 140.0]",False,DOWN,True
0.01,2.07,12.19274616241455,"[359.4378112281887, 220.81296777347956]","[359.4378112281887, 220.81296777347956]","[365.0, 145.0]",False,DOWN,True
0.01,2.0799999999999996,12.250465869903564,"[363.03781122818873, 222.31296777347956]","[363.03781122818873, 222.31296777347956]","[360.0, 150.0]",False,DOWN,True
0.01,2.0899999999999994,12.30941104888916,"[366.58781122818874, 223.86296777347957]","[366.58781122818874, 223.86296777347957]","[355.0, 155.0]",False,DOWN,True
0.01,2.099999999999999,12.36775016784668,"[370.08781122818874, 225.46296777347956]","[370.08781122818874, 225.46296777347956]","[350.0, 160.0]",False,DOWN,True
0.01,2.109999999999999,12.427146911621094,"[373.53781122818873, 227.11296777347957]","[373.53781122818873, 227.11296777347957]","[345.0, 165.0]",False,DOWN,True
0.01,2.1199999999999988,12.484308958053589,"[376.9378112281887, 228.81296777347956]","[376.9378112281887, 228.81296777347956]","[340.0, 170.0]",False,DOWN,True
0.01,2.1299999999999986,12.542813062667847,"[380.28781122818873, 230.56296777347956]","[380.28781122818873, 230.56296777347956]","[335.0, 175.0]",False,DOWN,True
0.01,2.1399999999999983,12.601834058761597,"[383.58781122818874, 232.36296777347957]","[383.58781122818874, 232.36296777347957]","[330.0, 180.0]",False,DOWN,True
0.01,2.149999999999998,12.661916017532349,"[386.83781122818874, 234.21296777347956]","[386.83781122818874, 234.21296777347956]","[325.0, 185.0]",False,DOWN,True
0.01,2.159999999999998,12.721510171890259,"[390.03781122818873, 236.11296777347957]","[390.03781122818873, 236.11296777347957]","[320.0, 190.0]",False,DOWN,True
0.01,2.1699999999999977,12.777181148529053,"[393.1878112281887, 238.06296777347956]","[393.1878112281887, 238.06296777347956]","[315.0, 195.0]",False,DOWN,True
0.01,2.1799999999999975,12.833770275115967,"[396.28781122818873, 240.06296777347956]","[396.28781122818873, 240.06296777347956]","[310.0, 200.0]",False,DOWN,True
0.01,2.1899999999999973,12.89142894744873,"[399.33781122818874, 242.11296777347957]","[399.33781122818874, 242.11296777347957]","[305.0, 205.0]",False,DOWN,True
0.01,2.199999999999997,12.94780707359314,"[402.33781122818874, 244.21296777347956]","[402.33781122818874, 244.21296777347956]","[300.0, 210.0]",False,DOWN,True
0.01,2.209999999999997,13.005798101425171,"[405.28781122818873, 246.36296777347957]","[405.28781122818873, 246.36296777347957]","[295.0, 215.0]",False,DOWN,True
0.01,2.2199999999999966,13.063743829727173,"[408.1878112281887, 248.56296777347956]","[408.1878112281887, 248.56296777347956]","[290.0, 220.0]",False,DOWN,True
0.01,2.2299999999999964,13.121037006378174,"[411.03781122818873, 250.81296777347956]","[411.03781122818873, 250.81296777347956]","[285.0, 225.0]",False,DOWN,True
0.01,2.239999999999996,13.177606105804443,"[413.83781122818874, 253.11296777347957]","[413.83781122818874, 253.11296777347957]","[280.0, 230.0]",False,DOWN,True
0.01,2.249999999999996,13.240874290466309,"[416.58781122818874, 255.46296777347956]","[416.58781122818874, 255.46296777347956]","[275.0, 235.0]",False,DOWN,True
0.01,2.259999999999996,13.297739028930664,"[419.28781122818873, 257.86296777347957]","[419.28781122818873, 257.86296777347957]","[270.0, 240.0]",False,DOWN,True
0.01,2.2699999999999956,13.354190111160278,"[421.9378112281887, 260.31296777347956]","[421.9378112281887, 260.31296777347956]","[265.0, 245.0]",False,DOWN,True
0.01,2.2799999999999954,13.413601875305176,"[424.53781122818873, 262.81296777347956]","[424.53781122818873, 262.81296777347956]","[260.0, 250.0]",False,DOWN,True
0.01,2.289999999999995,13.470890998840332,"[427.08781122818874, 265.36296777347957]","[427.08781122818874, 265.36296777347957]","[255.0, 255.0]",False,DOWN,True
0.01,2.299999999999995,13.52701711654663,"[429.58781122818874, 267.9629677734796]","[429.58781122818874, 267.9629677734796]","[250.0, 260.0]",False,DOWN,True
0.01,2.3099999999999947,13.58390498161316,"[432.0378112281887, 270.61296777347957]","[432.03781122818873, 270.61296777347957]","[245.0, 265.0]",False,DOWN,True
0.01,2.3199999999999945,13.643460988998413,"[434.4378112281886, 273.31296777347956]","[434.43781122818865, 273.31296777347956]","[240.0, 270.0]",False,DOWN,True
0.01,2.3299999999999943,13.700119018554688,"[436.7878112281886, 276.06296777347956]","[436.7878112281886, 276.06296777347956]","[235.0, 275.0]",False,DOWN,True
0.01,2.339999999999994,13.75798225402832,"[439.0878112281886, 278.86296777347957]","[439.0878112281886, 278.86296777347957]","[230.0, 280.0]",False,DOWN,True
0.01,2.349999999999994,13.816195964813232,"[441.3378112281886, 281.7129677734796]","[441.3378112281886, 281.7129677734796]","[225.0, 285.0]",False,DOWN,True
0.01,2.3599999999999937,13.873118162155151,"[443.5378112281886, 284.61296777347957]","[443.5378112281886, 284.61296777347957]","[220.0, 290.0]",False,DOWN,True
0.01,2.3699999999999934,13.930054187774658,"[445.68781122818854, 287.56296777347956]","[445.6878112281886, 287.56296777347956]","[215.0, 295.0]",False,DOWN,True
0.01,2.3799999999999932,13.988177061080933,"[447.78781122818856, 290.56296777347956]","[447.78781122818856, 290.56296777347956]","[210.0, 300.0]",False,DOWN,True
0.01,2.389999999999993,14.045812845230103,"[449.83781122818857, 293.61296777347957]","[449.83781122818857, 293.61296777347957]","[205.0, 305.0]",False,DOWN,True
0.01,2.399999999999993,14.10319995880127,"[451.83781122818857, 296.6629677734796]","[451.83781122818857, 296.6629677734796]","[200.0, 305.0]",False,LEFT,True
0.01,2.4099999999999926,14.161060094833374,"[453.78781122818856, 299.7129677734796]","[453.78781122818856, 299.7129677734796]","[195.0, 305.0]",False,LEFT,True
0.01,2.4199999999999924,14.219813108444214,"[455.6878112281885, 302.7629677734796]","[455.68781122818854, 302.7629677734796]","[190.0, 305.0]",False,LEFT,True
0.01,2.429999999999992,14.299443244934082,"[457.5378112281885, 305.8129677734796]","[457.5378112281885, 305.8129677734796]","[185.0, 305.0]",False,LEFT,True
0.01,2.439999999999992,14.356052160263062,"[459.3378112281885, 308.8629677734796]","[459.3378112281885, 308.8629677734796]","[180.0, 305.0]",False,LEFT,True
0.01,2.4499999999999917,14.414291143417358,"[461.0878112281885, 311.91296777347964]","[461.0878112281885, 311.91296777347964]","[175.0, 305.0]",False,LEFT,True
0.01,2.4599999999999915,14.472234964370728,"[462.7878112281885, 315.01296777347966]","[462.7878112281885, 315.01296777347966]","[170.0, 310.0]",False,DOWN,True
0.01,2.4699999999999913,14.529857873916626,"[464.4378112281884, 318.16296777347964]","[464.4378112281885, 318.16296777347964]","[165.0, 315.0]",False,DOWN,True
0.01,2.479999999999991,14.587634086608887,"[466.0378112281884, 321.3629677734796]","[466.03781122818845, 321.3629677734796]","[160.0, 320.0]",False,DOWN,True
0.01,2.489999999999991,14.645817995071411,"[467.5878112281884, 324.6129677734796]","[467.5878112281884, 324.6129677734796]","[155.0, 325.0]",False,DOWN,True
0.01,2.4999999999999907,14.704739093780518,"[469.0878112281884, 327.91296777347964]","[469.0878112281884, 327.91296777347964]","[150.0, 330.0]",False,DOWN,True
0.01,2.5099999999999905,14.763700246810913,"[470.53781122818833, 331.26296777347966]","[470.5378112281884, 331.26296777347966]","[145.0, 335.0]",False,DOWN,True
0.01,2.5199999999999902,14.82190990447998,"[471.93781122818825, 334.66296777347964]","[471.9378112281883, 334.66296777347964]","[140.0, 340.0]",False,DOWN,True
0.01,2.52999999999999,14.880741119384766,"[473.2878112281882, 338.11296777347957]","[473.2878112281883, 338.1129677734796]","[135.0, 345.0]",False,DOWN,True
0.01,2.53999999999999,14.939526081085205,"[474.5878112281882, 341.56296777347956]","[474.58781122818823, 341.56296777347956]","[130.0, 345.0]",False,LEFT,True
0.01,2.5499999999999896,14.996838092803955,"[475.8378112281882, 345.01296777347955]","[475.8378112281882, 345.01296777347955]","[125.0, 345.0]",False,LEFT,True
0.01,2.5599999999999894,15.05530595779419,"[475.8378112281882, 345.01296777347955]","[475.8378112281882, 345.01296777347955]","[0.0, 0.0]",False,,True
0.01,2.569999999999989,15.113384246826172,"[475.8378112281882, 345.01296777347955]","[475.8378112281882, 345.01296777347955]","[0.0, 0.0]",False,,True
0.01,2.579999999999989,15.17359209060669,"[475.7878112281881, 345.01296777347955]","[475.78781122818816, 345.01296777347955]","[-5.0, 0.0]",False,LEFT,True
0.01,2.5899999999999888,15.231621980667114,"[475.6878112281881, 345.01296777347955]","[475.6878112281881, 345.01296777347955]","[-10.0, 0.0]",False,LEFT,True
0.01,2.5999999999999885,15.290218114852905,"[475.5378112281881, 345.01296777347955]","[475.5378112281881, 345.01296777347955]","[-15.0, 0.0]",False,LEFT,True
0.01,2.6099999999999883,15.348570108413696,"[475.3378112281881, 345.01296777347955]","[475.3378112281881, 345.01296777347955]","[-20.0, 0.0]",False,LEFT,True
0.01,2.619999999999988,15.40761113166809,"[475.0878112281881, 345.01296777347955]","[475.0878112281881, 345.01296777347955]","[-25.0, 0.0]",False,LEFT,True
0.01,2.629999999999988,15.46644401550293,"[474.7878112281881, 345.01296777347955]","[474.7878112281881, 345.01296777347955]","[-30.0, 0.0]",False,LEFT,True
0.01,2.6399999999999877,15.524604082107544,"[474.4378112281881, 345.01296777347955]","[474.4378112281881, 345.01296777347955]","[-35.0, 0.0]",False,LEFT,True
0.01,2.6499999999999875,15.584409952163696,"[474.0378112281881, 345.06296777347956]","[474.0378112281881, 345.06296777347956]","[-40.0, 5.0]",False,DOWN,True
0.01,2.6599999999999873,15.64267897605896,"[473.5878112281881, 345.1629677734796]","[473.5878112281881, 345.1629677734796]","[-45.0, 10.0]",False,DOWN,True
0.01,2.669999999999987,15.701215267181396,"[473.0878112281881, 345.31296777347956]","[473.0878112281881, 345.31296777347956]","[-50.0, 15.0]",False,DOWN,True
0.01,2.679999999999987,15.759401082992554,"[472.5378112281881, 345.51296777347955]","[472.5378112281881, 345.51296777347955]","[-55.0, 20.0]",False,DOWN,True
0.01,2.6899999999999866,15.817653894424438,"[471.9378112281881, 345.76296777347955]","[471.9378112281881, 345.76296777347955]","[-60.0, 25.0]",False,DOWN,True
0.01,2.6999999999999864,15.876667022705078,"[471.2878112281881, 346.06296777347956]","[471.2878112281881, 346.06296777347956]","[-65.0, 30.0]",False,DOWN,True
0.01,2.709999999999986,15.934120178222656,"[470.5878112281881, 346.4129677734796]","[470.5878112281881, 346.4129677734796]","[-70.0, 35.0]",False,DOWN,True
0.01,2.719999999999986,15.992482900619507,"[469.8378112281881, 346.81296777347956]","[469.8378112281881, 346.81296777347956]","[-75.0, 40.0]",False,DOWN,True
0.01,2.7299999999999858,16.052236080169678,"[469.0378112281881, 347.26296777347955]","[469.0378112281881, 347.26296777347955]","[-80.0, 45.0]",False,DOWN,True
0.01,2.7399999999999856,16.11126208305359,"[468.2378112281881, 347.76296777347955]","[468.2378112281881, 347.76296777347955]","[-80.0, 50.0]",False,DOWN,True
0.01,2.7499999999999853,16.17320704460144,"[467.4378112281881, 348.31296777347956]","[467.4378112281881, 348.31296777347956]","[-80.0, 55.0]",False,DOWN,True
0.01,2.759999999999985,16.23135995864868,"[466.63781122818807, 348.9129677734796]","[466.63781122818807, 348.9129677734796]","[-80.0, 60.0]",False,DOWN,True
0.01,2.769999999999985,16.289733171463013,"[465.83781122818806, 349.56296777347956]","[465.83781122818806, 349.56296777347956]","[-80.0, 65.0]",False,DOWN,True
0.01,2.7799999999999847,16.348559141159058,"[465.03781122818805, 350.26296777347955]","[465.03781122818805, 350.26296777347955]","[-80.0, 70.0]",False,DOWN,True
0.01,2.7899999999999845,16.407968044281006,"[464.23781122818804, 351.01296777347955]","[464.23781122818804, 351.01296777347955]","[-80.0, 75.0]",False,DOWN,True
0.01,2.7999999999999843,16.46678113937378,"[463.437811228188, 351.81296777347956]","[463.437811228188, 351.81296777347956]","[-80.0, 80.0]",False,DOWN,True
0.01,2.809999999999984,16.525325059890747,"[462.637811228188, 352.6629677734796]","[462.637811228188, 352.6629677734796]","[-80.0, 85.0]",False,DOWN,True
0.01,2.819999999999984,16.58438014984131,"[461.837811228188, 353.56296777347956]","[461.837811228188, 353.56296777347956]","[-80.0, 90.0]",False,DOWN,True
0.01,2.8299999999999836,16.649065256118774,"[461.037811228188, 354.51296777347955]","[461.037811228188, 354.51296777347955]","[-80.0, 95.0]",False,DOWN,True
0.01,2.8399999999999834,16.707767963409424,"[460.237811228188, 355.51296777347955]","[460.237811228188, 355.51296777347955]","[-80.0, 100.0]",False,DOWN,True
0.01,2.849999999999983,16.766707181930542,"[459.43781122818797, 356.56296777347956]","[459.43781122818797, 356.56296777347956]","[-80.0, 105.0]",False,DOWN,True
0.01,2.859999999999983,16.82641291618347,"[458.63781122818796, 357.6629677734796]","[458.63781122818796, 357.6629677734796]","[-80.0, 110.0]",False,DOWN,True
0.01,2.869999999999983,16.88795304298401,"[457.83781122818795, 358.81296777347956]","[457.83781122818795, 358.81296777347956]","[-80.0, 115.0]",False,DOWN,True
0.01,2.8799999999999826,16.946074962615967,"[457.03781122818793, 360.01296777347955]","[457.03781122818793, 360.01296777347955]","[-80.0, 120.0]",False,DOWN,True
0.01,2.8899999999999824,17.005332231521606,"[456.2378112281879, 361.26296777347955]","[456.2378112281879, 361.26296777347955]","[-80.0, 125.0]",False,DOWN,True
0.01,2.899999999999982,17.064099073410034,"[455.4378112281879, 362.56296777347956]","[455.4378112281879, 362.56296777347956]","[-80.0, 130.0]",False,DOWN,True
0.01,2.909999999999982,17.123133182525635,"[454.6878112281879, 363.9129677734796]","[454.6878112281879, 363.9129677734796]","[-75.0, 135.0]",False,DOWN,True
0.01,2.9199999999999817,17.18141508102417,"[453.9878112281879, 365.31296777347956]","[453.9878112281879, 365.31296777347956]","[-70.0, 140.0]",False,DOWN,True
0.01,2.9299999999999815,17.23974895477295,"[453.33781122818795, 366.76296777347955]","[453.33781122818795, 366.76296777347955]","[-65.0, 145.0]",False,DOWN,True
0.01,2.9399999999999813,17.29891014099121,"[452.7378112281879, 368.26296777347955]","[452.7378112281879, 368.26296777347955]","[-60.0, 150.0]",False,DOWN,True
0.01,2.949999999999981,17.35633611679077,"[452.1878112281879, 369.81296777347956]","[452.1878112281879, 369.81296777347956]","[-55.0, 155.0]",False,DOWN,True
0.01,2.959999999999981,17.414772987365723,"[451.6878112281879, 371.4129677734796]","[451.6878112281879, 371.4129677734796]","[-50.0, 160.0]",False,DOWN,True
0.01,2.9699999999999807,17.474268198013306,"[451.2378112281879, 373.06296777347956]","[451.2378112281879, 373.06296777347956]","[-45.0, 165.0]",False,DOWN,True
0.01,2.9799999999999804,17.533584117889404,"[450.83781122818795, 374.76296777347955]","[450.83781122818795, 374.76296777347955]","[-40.0, 170.0]",False,DOWN,True
0.01,2.9899999999999802,17.592969179153442,"[450.4878112281879, 376.51296777347955]","[450.4878112281879, 376.51296777347955]","[-35.0, 175.0]",False,DOWN,True
0.01,2.99999999999998,17.65256404876709,"[450.1878112281879, 378.31296777347956]","[450.1878112281879, 378.31296777347956]","[-30.0, 180.0]",False,DOWN,True
0.01,3.00999999999998,17.712656021118164,"[449.9378112281879, 380.1629677734796]","[449.9378112281879, 380.1629677734796]","[-25.0, 185.0]",False,DOWN,True
0.01,3.0199999999999796,17.772183895111084,"[449.7378112281879, 382.06296777347956]","[449.7378112281879, 382.06296777347956]","[-20.0, 190.0]",False,DOWN,True
0.01,3.0299999999999794,17.831498861312866,"[449.58781122818795, 384.01296777347955]","[449.58781122818795, 384.01296777347955]","[-15.0, 195.0]",False,DOWN,True
0.01,3.039999999999979,17.890459060668945,"[449.4878112281879, 386.01296777347955]","[449.4878112281879, 386.01296777347955]","[-10.0, 200.0]",False,DOWN,True
0.01,3.049999999999979,17.949526071548462,"[449.4378112281879, 388.06296777347956]","[449.4378112281879, 388.06296777347956]","[-5.0, 205.0]",False,DOWN,True
0.01,3.0599999999999787,18.008301973342896,"[449.4378112281879, 390.1629677734796]","[449.4378112281879, 390.1629677734796]","[0.0, 210.0]",False,DOWN,True
0.01,3.0699999999999785,18.066495180130005,"[449.4878112281879, 392.31296777347956]","[449.4878112281879, 392.31296777347956]","[5.0, 215.0]",False,DOWN,True
0.01,3.0799999999999783,18.12473702430725,"[449.58781122818795, 394.51296777347955]","[449.58781122818795, 394.51296777347955]","[10.0, 220.0]",False,DOWN,True
0.01,3.089999999999978,18.183071851730347,"[449.7378112281879, 396.7629677734795]","[449.7378112281879, 396.76296777347955]","[15.0, 225.0]",False,DOWN,True
0.01,3.099999999999978,18.24204707145691,"[449.9378112281879, 399.0629677734795]","[449.9378112281879, 399.0629677734795]","[20.0, 230.0]",False,DOWN,True
0.01,3.1099999999999777,18.300456047058105,"[450.1378112281879, 401.4129677734795]","[450.1378112281879, 401.4129677734795]","[20.0, 235.0]",False,DOWN,True
0.01,3.1199999999999775,18.35842204093933,"[450.3378112281879, 403.8129677734795]","[450.3378112281879, 403.8129677734795]","[20.0, 240.0]",False,DOWN,True
0.01,3.1299999999999772,18.416440963745117,"[450.5378112281879, 406.2629677734795]","[450.5378112281879, 406.2629677734795]","[20.0, 245.0]",False,DOWN,True
0.01,3.139999999999977,18.475147008895874,"[450.73781122818787, 408.7629677734795]","[450.73781122818787, 408.7629677734795]","[20.0, 250.0]",False,DOWN,True
0.01,3.149999999999977,18.533663988113403,"[450.93781122818785, 411.3129677734795]","[450.93781122818785, 411.3129677734795]","[20.0, 255.0]",False,DOWN,True
0.01,3.1599999999999766,18.5927951335907,"[451.13781122818784, 413.9129677734795]","[451.13781122818784, 413.9129677734795]","[20.0, 260.0]",False,DOWN,True
0.01,3.1699999999999764,18.651540994644165,"[451.33781122818783, 416.5629677734795]","[451.33781122818783, 416.5629677734795]","[20.0, 265.0]",False,DOWN,True
0.01,3.179999999999976,18.710118055343628,"[451.5378112281878, 419.2629677734795]","[451.5378112281878, 419.2629677734795]","[20.0, 270.0]",False,DOWN,True
0.01,3.189999999999976,18.76911497116089,"[451.7378112281878, 422.0129677734795]","[451.7378112281878, 422.0129677734795]","[20.0, 275.0]",False,DOWN,True
0.01,3.1999999999999758,18.827609062194824,"[451.9378112281878, 424.8129677734795]","[451.9378112281878, 424.8129677734795]","[20.0, 280.0]",False,DOWN,True
0.01,3.2099999999999755,18.886661052703857,"[452.1378112281878, 427.6629677734795]","[452.1378112281878, 427.6629677734795]","[20.0, 285.0]",False,DOWN,True
0.01,3.2199999999999753,18.945865154266357,"[452.3378112281878, 430.5629677734795]","[452.3378112281878, 430.5629677734795]","[20.0, 290.0]",False,DOWN,True
0.01,3.229999999999975,19.00428009033203,"[452.53781122818776, 433.5129677734795]","[452.53781122818776, 433.5129677734795]","[20.0, 295.0]",False,DOWN,True
0.01,3.239999999999975,19.062971115112305,"[452.73781122818775, 436.51296777347943]","[452.73781122818775, 436.5129677734795]","[20.0, 300.0]",False,DOWN,True
0.01,3.2499999999999747,19.121760845184326,"[452.93781122818774, 439.56296777347944]","[452.93781122818774, 439.56296777347944]","[20.0, 305.0]",False,DOWN,True
0.01,3.2599999999999745,19.180734157562256,"[453.13781122818773, 442.66296777347947]","[453.13781122818773, 442.66296777347947]","[20.0, 310.0]",False,DOWN,True
0.01,3.2699999999999743,19.23923110961914,"[453.3378112281877, 445.81296777347944]","[453.3378112281877, 445.81296777347944]","[20.0, 315.0]",False,DOWN,True
0.01,3.279999999999974,19.297532081604004,"[453.5378112281877, 449.01296777347943]","[453.5378112281877, 449.01296777347943]","[20.0, 320.0]",False,DOWN,True
